city,rent,br,sqft
Boston,$675.00,1, 560 ft2
Boston,$772.00,1, 608 ft2
Boston,$789.00,1, 618 ft2
Boston,$795.00,1, 622 ft2
Boston,$800.00,1, 629 ft2
Boston,$836.00,1, 656 ft2
Boston,$840.00,1, 659 ft2
Boston,$848.00,1, 662 ft2
Boston,$856.00,1, 668 ft2
Boston,$865.00,1, 680 ft2
Boston,$884.00,1, 685 ft2
Boston,$889.00,1, 687 ft2
Boston,$910.00,1, 698 ft2
Boston,$944.00,1, 706 ft2
Boston,$953.00,1, 707 ft2
Boston,$960.00,1, 711 ft2
Boston,$962.00,1, 712 ft2
Boston,$962.00,1, 714 ft2
Boston,$976.00,1,
Boston,$990.00,1, 722 ft2
Boston,$1012.00,1, 724 ft2
Boston,$1014.00,1, 728 ft2
Boston,$1020.00,1, 731 ft2
Boston,$1074.00,1, 731 ft2
Boston,$1081.00,1, 737 ft2
Boston,$1101.00,1, 744 ft2
Boston,$1104.00,1, 747 ft2
Boston,$1112.00,1, 749 ft2
Boston,$1130.00,1, 750 ft2
Boston,$1132.00,1, 751 ft2
Boston,$1169.00,1, 753 ft2
Boston,$1169.00,1, 761 ft2
Boston,$1203.00,1, 763 ft2
Boston,$1213.00,1, 764 ft2
Boston,$1214.00,, 773 ft2
Boston,$1225.00,1, 776 ft2
Boston,$1226.00,1, 778 ft2
Boston,$1263.00,1, 785 ft2
Boston,$1265.00,1, 787 ft2
Boston,$1266.00,1, 787 ft2
Boston,$1271.00,1, 789 ft2
Boston,$1283.00,1, 797 ft2
Boston,$1285.00,1, 797 ft2
Boston,$1298.00,, 807 ft2
Boston,$1302.00,1, 808 ft2
Boston,$1307.00,1, 818 ft2
Boston,$1309.00,1,
Boston,$1310.00,1, 822 ft2
Boston,$1330.00,1, 823 ft2
Boston,$1350.00,1, 830 ft2
Boston,$1351.00,1, 833 ft2
Boston,$1356.00,1, 835 ft2
Boston,$1359.00,1, 838 ft2
Boston,$1372.00,1, 841 ft2
Boston,$1383.00,1, 842 ft2
Boston,$1383.00,1, 843 ft2
Boston,$1386.00,1, 843 ft2
Boston,$1390.00,1, 846 ft2
Boston,$1395.00,1, 850 ft2
Boston,$1399.00,1, 852 ft2
Boston,$1405.00,1, 855 ft2
Boston,$1405.00,1, 857 ft2
Boston,$1417.00,1, 860 ft2
Boston,$1420.00,1, 863 ft2
Boston,$1430.00,1, 864 ft2
Boston,$1436.00,1, 866 ft2
Boston,$1442.00,1, 867 ft2
Boston,$1445.00,1, 867 ft2
Boston,$1452.00,1, 870 ft2
Boston,$1461.00,1, 877 ft2
Boston,$1464.00,1, 878 ft2
Boston,$1477.00,1, 878 ft2
Boston,$1495.00,1, 881 ft2
Boston,$1499.00,1, 881 ft2
Boston,$1506.00,1, 883 ft2
Boston,$1506.00,1, 885 ft2
Boston,$1509.00,1, 886 ft2
Boston,$1522.00,1, 888 ft2
Boston,$1525.00,1, 895 ft2
Boston,$1528.00,1, 897 ft2
Boston,$1531.00,1, 904 ft2
Boston,$1537.00,1, 907 ft2
Boston,$1542.00,1, 909 ft2
Boston,$1545.00,1, 910 ft2
Boston,$1546.00,1, 912 ft2
Boston,$1548.00,1, 913 ft2
Boston,$1549.00,1, 913 ft2
Boston,$1550.00,1, 913 ft2
Boston,$1552.00,1, 914 ft2
Boston,$1553.00,1, 915 ft2
Boston,$1557.00,1, 917 ft2
Boston,$1559.00,1, 918 ft2
Boston,$1562.00,1, 924 ft2
Boston,$1567.00,1, 926 ft2
Boston,$1573.00,1, 926 ft2
Boston,$1576.00,1, 929 ft2
Boston,$1577.00,1, 930 ft2
Boston,$1581.00,1, 933 ft2
Boston,$1590.00,1, 933 ft2
Boston,$1593.00,1, 934 ft2
Boston,$1597.00,1, 935 ft2
Boston,$1599.00,1, 936 ft2
Boston,$1601.00,1, 937 ft2
Boston,$1608.00,1, 937 ft2
Boston,$1612.00,1, 938 ft2
Boston,$1620.00,1, 938 ft2
Boston,$1626.00,1, 939 ft2
Boston,$1627.00,1, 940 ft2
Boston,$1637.00,1, 943 ft2
Boston,$1637.00,1, 945 ft2
Boston,$1640.00,1, 947 ft2
Boston,$1642.00,1, 947 ft2
Boston,$1642.00,1, 950 ft2
Boston,$1644.00,1, 952 ft2
Boston,$1651.00,1, 953 ft2
Boston,$1653.00,1, 953 ft2
Boston,$1658.00,1, 954 ft2
Boston,$1664.00,1, 954 ft2
Boston,$1667.00,1, 955 ft2
Boston,$1673.00,1, 955 ft2
Boston,$1682.00,1, 956 ft2
Boston,$1683.00,1, 957 ft2
Boston,$1689.00,1, 957 ft2
Boston,$1711.00,1, 959 ft2
Boston,$1714.00,1, 960 ft2
Boston,$1715.00,1, 961 ft2
Boston,$1722.00,1, 961 ft2
Boston,$1728.00,1, 963 ft2
Boston,$1752.00,1, 963 ft2
Boston,$1752.00,1, 964 ft2
Boston,$1753.00,1, 965 ft2
Boston,$1757.00,1, 967 ft2
Boston,$1769.00,1, 969 ft2
Boston,$1772.00,1, 969 ft2
Boston,$1774.00,1, 970 ft2
Boston,$1775.00,1, 971 ft2
Boston,$1776.00,1, 972 ft2
Boston,$1787.00,1, 972 ft2
Boston,$1797.00,1, 973 ft2
Boston,$1801.00,1, 974 ft2
Boston,$1804.00,1, 975 ft2
Boston,$1806.00,1, 975 ft2
Boston,$1809.00,1, 975 ft2
Boston,$1812.00,1, 976 ft2
Boston,$1816.00,1, 976 ft2
Boston,$1818.00,1, 977 ft2
Boston,$1819.00,1, 979 ft2
Boston,$1821.00,1, 980 ft2
Boston,$1822.00,1, 982 ft2
Boston,$1823.00,1, 982 ft2
Boston,$1825.00,1, 982 ft2
Boston,$1828.00,1, 983 ft2
Boston,$1828.00,1, 983 ft2
Boston,$1840.00,1, 983 ft2
Boston,$1840.00,1, 984 ft2
Boston,$1840.00,1, 985 ft2
Boston,$1841.00,1, 985 ft2
Boston,$1842.00,1, 986 ft2
Boston,$1844.00,1, 986 ft2
Boston,$1847.00,1, 987 ft2
Boston,$1851.00,1, 987 ft2
Boston,$1852.00,1, 988 ft2
Boston,$1852.00,1, 988 ft2
Boston,$1858.00,1, 989 ft2
Boston,$1863.00,1, 991 ft2
Boston,$1864.00,1, 991 ft2
Boston,$1874.00,1, 991 ft2
Boston,$1878.00,1, 991 ft2
Boston,$1882.00,1, 993 ft2
Boston,$1882.00,1, 993 ft2
Boston,$1886.00,1, 993 ft2
Boston,$1890.00,1, 995 ft2
Boston,$1890.00,1, 996 ft2
Boston,$1891.00,1, 996 ft2
Boston,$1895.00,1, 997 ft2
Boston,$1900.00,1, 999 ft2
Boston,$1901.00,1, 999 ft2
Boston,$1903.00,1, 1000 ft2
Boston,$1912.00,1, 1001 ft2
Boston,$1914.00,1, 1004 ft2
Boston,$1915.00,1, 1008 ft2
Boston,$1916.00,1, 1009 ft2
Boston,$1918.00,1, 1011 ft2
Boston,$1924.00,1, 1012 ft2
Boston,$1928.00,1, 1012 ft2
Boston,$1930.00,1, 1013 ft2
Boston,$1931.00,1, 1015 ft2
Boston,$1938.00,1, 1016 ft2
Boston,$1942.00,1, 1019 ft2
Boston,$1946.00,1, 1020 ft2
Boston,$1954.00,1, 1021 ft2
Boston,$1955.00,1, 1021 ft2
Boston,$1968.00,1, 1021 ft2
Boston,$1968.00,1, 1022 ft2
Boston,$1972.00,1, 1022 ft2
Boston,$1974.00,1, 1023 ft2
Boston,$1976.00,1, 1023 ft2
Boston,$1977.00,1, 1024 ft2
Boston,$1980.00,1, 1025 ft2
Boston,$1982.00,1, 1025 ft2
Boston,$1986.00,1, 1025 ft2
Boston,$1989.00,1, 1025 ft2
Boston,$1996.00,1, 1026 ft2
Boston,$1998.00,1, 1027 ft2
Boston,$2000.00,1, 1028 ft2
Boston,$2010.00,1, 1028 ft2
Boston,$2013.00,1, 1028 ft2
Boston,$2014.00,1, 1029 ft2
Boston,$2023.00,1, 1029 ft2
Boston,$2024.00,1, 1030 ft2
Boston,$2027.00,1, 1030 ft2
Boston,$2031.00,1, 1030 ft2
Boston,$2036.00,1, 1030 ft2
Boston,$2039.00,1, 1030 ft2
Boston,$2041.00,1, 1031 ft2
Boston,$2041.00,1, 1032 ft2
Boston,$2043.00,1, 1032 ft2
Boston,$2047.00,1, 1033 ft2
Boston,$2051.00,1, 1033 ft2
Boston,$2052.00,1, 1033 ft2
Boston,$2055.00,1, 1036 ft2
Boston,$2059.00,1, 1038 ft2
Boston,$2059.00,1, 1039 ft2
Boston,$2060.00,1, 1041 ft2
Boston,$2064.00,1, 1042 ft2
Boston,$2065.00,1, 1045 ft2
Boston,$2073.00,1, 1045 ft2
Boston,$2076.00,1, 1046 ft2
Boston,$2079.00,1, 1049 ft2
Boston,$2091.00,1, 1049 ft2
Boston,$2094.00,1, 1052 ft2
Boston,$2095.00,1, 1053 ft2
Boston,$2099.00,1, 1054 ft2
Boston,$2100.00,1, 1055 ft2
Boston,$2100.00,1, 1055 ft2
Boston,$2102.00,1, 1055 ft2
Boston,$2110.00,1, 1056 ft2
Boston,$2112.00,1, 1057 ft2
Boston,$2115.00,1, 1058 ft2
Boston,$2116.00,1, 1058 ft2
Boston,$2120.00,1, 1059 ft2
Boston,$2124.00,1, 1059 ft2
Boston,$2126.00,1, 1061 ft2
Boston,$2129.00,1, 1062 ft2
Boston,$2130.00,1, 1062 ft2
Boston,$2131.00,1, 1062 ft2
Boston,$2133.00,1, 1062 ft2
Boston,$2134.00,2, 1063 ft2
Boston,$2135.00,2, 1063 ft2
Boston,$2135.00,2, 1064 ft2
Boston,$2137.00,2, 1065 ft2
Boston,$2139.00,2, 1065 ft2
Boston,$2140.00,2, 1066 ft2
Boston,$2145.00,2, 1066 ft2
Boston,$2148.00,2, 1067 ft2
Boston,$2154.00,2, 1067 ft2
Boston,$2155.00,2, 1069 ft2
Boston,$2162.00,2, 1070 ft2
Boston,$2162.00,2, 1071 ft2
Boston,$2164.00,2, 1071 ft2
Boston,$2175.00,2, 1071 ft2
Boston,$2176.00,2, 1071 ft2
Boston,$2178.00,2, 1072 ft2
Boston,$2179.00,2, 1072 ft2
Boston,$2181.00,2, 1072 ft2
Boston,$2181.00,2, 1073 ft2
Boston,$2192.00,2, 1074 ft2
Boston,$2198.00,2, 1075 ft2
Boston,$2201.00,2, 1075 ft2
Boston,$2202.00,2, 1076 ft2
Boston,$2203.00,2, 1076 ft2
Boston,$2205.00,2, 1077 ft2
Boston,$2206.00,2, 1077 ft2
Boston,$2218.00,2, 1078 ft2
Boston,$2222.00,2, 1078 ft2
Boston,$2225.00,2, 1078 ft2
Boston,$2227.00,2, 1079 ft2
Boston,$2228.00,2, 1079 ft2
Boston,$2228.00,2, 1080 ft2
Boston,$2228.00,2, 1080 ft2
Boston,$2229.00,2, 1082 ft2
Boston,$2233.00,2, 1084 ft2
Boston,$2240.00,2, 1085 ft2
Boston,$2243.00,2, 1085 ft2
Boston,$2245.00,2, 1085 ft2
Boston,$2245.00,2, 1085 ft2
Boston,$2252.00,2, 1086 ft2
Boston,$2257.00,2, 1087 ft2
Boston,$2257.00,2, 1088 ft2
Boston,$2258.00,2, 1088 ft2
Boston,$2263.00,2, 1089 ft2
Boston,$2264.00,2, 1090 ft2
Boston,$2266.00,, 1090 ft2
Boston,$2269.00,2, 1090 ft2
Boston,$2272.00,2,
Boston,$2277.00,2, 1092 ft2
Boston,$2282.00,2, 1092 ft2
Boston,$2286.00,2, 1092 ft2
Boston,$2294.00,2, 1093 ft2
Boston,$2299.00,2, 1094 ft2
Boston,$2311.00,2, 1094 ft2
Boston,$2314.00,2, 1095 ft2
Boston,$2319.00,2, 1095 ft2
Boston,$2321.00,2, 1096 ft2
Boston,$2323.00,2,
Boston,$2324.00,2, 1096 ft2
Boston,$2325.00,2, 1096 ft2
Boston,$2327.00,2,
Boston,$2328.00,2, 1097 ft2
Boston,$2330.00,2, 1098 ft2
Boston,$2330.00,, 1100 ft2
Boston,$2331.00,2, 1100 ft2
Boston,$2333.00,2, 1102 ft2
Boston,$2333.00,2, 1102 ft2
Boston,$2340.00,2, 1102 ft2
Boston,$2345.00,2, 1104 ft2
Boston,$2346.00,2, 1104 ft2
Boston,$2348.00,2, 1105 ft2
Boston,$2348.00,2, 1105 ft2
Boston,$2348.00,2, 1107 ft2
Boston,$2351.00,2,
Boston,$2354.00,2, 1110 ft2
Boston,$2355.00,2, 1111 ft2
Boston,$2358.00,2, 1112 ft2
Boston,$2360.00,2, 1112 ft2
Boston,$2362.00,2, 1113 ft2
Boston,$2375.00,2, 1113 ft2
Boston,$2376.00,2, 1114 ft2
Boston,$2376.00,2, 1115 ft2
Boston,$2378.00,2, 1117 ft2
Boston,$2382.00,2, 1117 ft2
Boston,$2383.00,2, 1117 ft2
Boston,$2388.00,2, 1119 ft2
Boston,$2391.00,2, 1120 ft2
Boston,$2397.00,2, 1121 ft2
Boston,$2405.00,2, 1122 ft2
Boston,$2412.00,2, 1122 ft2
Boston,$2417.00,2, 1123 ft2
Boston,$2417.00,2, 1123 ft2
Boston,$2423.00,2, 1123 ft2
Boston,$2425.00,2, 1124 ft2
Boston,$2427.00,2, 1125 ft2
Boston,$2428.00,2, 1125 ft2
Boston,$2439.00,2, 1125 ft2
Boston,$2442.00,2, 1126 ft2
Boston,$2442.00,2, 1126 ft2
Boston,$2446.00,2, 1127 ft2
Boston,$2449.00,2, 1127 ft2
Boston,$2452.00,2, 1128 ft2
Boston,$2455.00,2, 1128 ft2
Boston,$2456.00,2, 1129 ft2
Boston,$2457.00,2, 1129 ft2
Boston,$2459.00,2, 1130 ft2
Boston,$2462.00,2, 1132 ft2
Boston,$2464.00,2, 1132 ft2
Boston,$2469.00,2, 1132 ft2
Boston,$2471.00,2, 1133 ft2
Boston,$2474.00,2, 1135 ft2
Boston,$2477.00,2, 1135 ft2
Boston,$2477.00,2, 1135 ft2
Boston,$2479.00,2, 1136 ft2
Boston,$2481.00,2, 1137 ft2
Boston,$2489.00,2, 1137 ft2
Boston,$2490.00,2, 1138 ft2
Boston,$2490.00,2, 1138 ft2
Boston,$2492.00,2, 1139 ft2
Boston,$2497.00,2, 1140 ft2
Boston,$2500.00,2, 1140 ft2
Boston,$2502.00,2, 1140 ft2
Boston,$2506.00,2, 1141 ft2
Boston,$2516.00,2, 1141 ft2
Boston,$2517.00,2, 1142 ft2
Boston,$2518.00,2, 1143 ft2
Boston,$2519.00,2, 1144 ft2
Boston,$2527.00,2, 1144 ft2
Boston,$2530.00,2, 1145 ft2
Boston,$2531.00,2, 1145 ft2
Boston,$2536.00,2, 1145 ft2
Boston,$2536.00,2, 1147 ft2
Boston,$2537.00,2, 1147 ft2
Boston,$2548.00,2, 1147 ft2
Boston,$2551.00,2, 1147 ft2
Boston,$2557.00,2, 1148 ft2
Boston,$2558.00,2, 1148 ft2
Boston,$2562.00,2, 1148 ft2
Boston,$2567.00,2, 1150 ft2
Boston,$2573.00,2, 1150 ft2
Boston,$2575.00,2, 1150 ft2
Boston,$2581.00,2, 1150 ft2
Boston,$2582.00,2, 1151 ft2
Boston,$2584.00,2, 1152 ft2
Boston,$2584.00,2, 1152 ft2
Boston,$2587.00,2, 1155 ft2
Boston,$2589.00,2, 1155 ft2
Boston,$2593.00,2, 1156 ft2
Boston,$2596.00,2, 1157 ft2
Boston,$2597.00,2, 1157 ft2
Boston,$2600.00,2, 1157 ft2
Boston,$2610.00,2, 1157 ft2
Boston,$2610.00,2, 1160 ft2
Boston,$2613.00,2, 1160 ft2
Boston,$2616.00,2, 1161 ft2
Boston,$2619.00,2, 1162 ft2
Boston,$2620.00,2, 1162 ft2
Boston,$2622.00,2, 1163 ft2
Boston,$2626.00,2, 1163 ft2
Boston,$2626.00,2, 1163 ft2
Boston,$2629.00,2, 1163 ft2
Boston,$2630.00,2, 1163 ft2
Boston,$2630.00,2, 1164 ft2
Boston,$2631.00,2, 1164 ft2
Boston,$2635.00,2, 1165 ft2
Boston,$2637.00,2, 1166 ft2
Boston,$2639.00,2, 1166 ft2
Boston,$2642.00,2, 1167 ft2
Boston,$2643.00,2, 1167 ft2
Boston,$2650.00,2, 1167 ft2
Boston,$2651.00,2, 1167 ft2
Boston,$2660.00,2, 1168 ft2
Boston,$2664.00,2, 1169 ft2
Boston,$2664.00,2, 1169 ft2
Boston,$2666.00,2, 1169 ft2
Boston,$2669.00,2, 1170 ft2
Boston,$2674.00,2, 1172 ft2
Boston,$2676.00,2, 1172 ft2
Boston,$2681.00,2, 1173 ft2
Boston,$2702.00,2, 1173 ft2
Boston,$2703.00,2, 1175 ft2
Boston,$2709.00,2, 1176 ft2
Boston,$2710.00,2, 1176 ft2
Boston,$2710.00,2, 1177 ft2
Boston,$2715.00,2, 1178 ft2
Boston,$2722.00,2, 1179 ft2
Boston,$2730.00,2, 1179 ft2
Boston,$2733.00,2, 1180 ft2
Boston,$2735.00,2, 1181 ft2
Boston,$2737.00,2, 1181 ft2
Boston,$2741.00,2, 1181 ft2
Boston,$2745.00,2, 1182 ft2
Boston,$2751.00,2, 1182 ft2
Boston,$2752.00,2, 1183 ft2
Boston,$2754.00,2, 1183 ft2
Boston,$2757.00,2, 1184 ft2
Boston,$2763.00,2, 1184 ft2
Boston,$2763.00,2, 1185 ft2
Boston,$2763.00,2, 1185 ft2
Boston,$2783.00,2, 1186 ft2
Boston,$2784.00,2, 1186 ft2
Boston,$2789.00,2, 1187 ft2
Boston,$2795.00,2, 1188 ft2
Boston,$2795.00,2, 1188 ft2
Boston,$2797.00,2, 1188 ft2
Boston,$2799.00,2, 1189 ft2
Boston,$2801.00,2, 1189 ft2
Boston,$2804.00,2, 1189 ft2
Boston,$2808.00,2, 1189 ft2
Boston,$2808.00,2, 1190 ft2
Boston,$2814.00,2, 1190 ft2
Boston,$2815.00,2, 1191 ft2
Boston,$2821.00,2, 1191 ft2
Boston,$2823.00,2, 1192 ft2
Boston,$2823.00,2, 1192 ft2
Boston,$2830.00,2, 1192 ft2
Boston,$2830.00,2, 1192 ft2
Boston,$2833.00,2, 1193 ft2
Boston,$2833.00,2, 1193 ft2
Boston,$2836.00,2, 1194 ft2
Boston,$2836.00,2, 1195 ft2
Boston,$2843.00,2, 1195 ft2
Boston,$2847.00,2, 1196 ft2
Boston,$2847.00,2, 1197 ft2
Boston,$2849.00,2, 1197 ft2
Boston,$2849.00,2, 1198 ft2
Boston,$2850.00,2, 1198 ft2
Boston,$2850.00,2, 1199 ft2
Boston,$2851.00,2, 1199 ft2
Boston,$2854.00,2, 1200 ft2
Boston,$2855.00,2, 1200 ft2
Boston,$2861.00,2, 1201 ft2
Boston,$2864.00,2, 1201 ft2
Boston,$2867.00,2, 1202 ft2
Boston,$2869.00,2, 1203 ft2
Boston,$2871.00,2, 1203 ft2
Boston,$2872.00,2, 1204 ft2
Boston,$2873.00,2, 1204 ft2
Boston,$2879.00,2, 1204 ft2
Boston,$2886.00,2, 1206 ft2
Boston,$2887.00,2, 1207 ft2
Boston,$2891.00,2, 1207 ft2
Boston,$2893.00,2, 1207 ft2
Boston,$2899.00,2, 1208 ft2
Boston,$2900.00,2, 1208 ft2
Boston,$2902.00,2, 1210 ft2
Boston,$2905.00,2, 1210 ft2
Boston,$2907.00,2, 1211 ft2
Boston,$2908.00,2, 1211 ft2
Boston,$2912.00,2, 1212 ft2
Boston,$2914.00,2, 1214 ft2
Boston,$2916.00,2, 1215 ft2
Boston,$2918.00,3, 1215 ft2
Boston,$2920.00,3, 1215 ft2
Boston,$2924.00,3, 1215 ft2
Boston,$2925.00,3, 1217 ft2
Boston,$2927.00,3, 1217 ft2
Boston,$2931.00,3, 1217 ft2
Boston,$2932.00,3, 1219 ft2
Boston,$2933.00,3, 1219 ft2
Boston,$2943.00,3, 1219 ft2
Boston,$2946.00,3, 1219 ft2
Boston,$2947.00,3, 1219 ft2
Boston,$2950.00,3, 1220 ft2
Boston,$2953.00,3, 1220 ft2
Boston,$2971.00,3, 1220 ft2
Boston,$2976.00,3, 1221 ft2
Boston,$2977.00,3, 1221 ft2
Boston,$2989.00,3, 1221 ft2
Boston,$2994.00,3, 1222 ft2
Boston,$3002.00,3, 1223 ft2
Boston,$3009.00,3,
Boston,$3013.00,3, 1223 ft2
Boston,$3017.00,3,
Boston,$3028.00,3, 1224 ft2
Boston,$3032.00,3, 1224 ft2
Boston,$3032.00,3, 1225 ft2
Boston,$3034.00,3, 1225 ft2
Boston,$3038.00,3, 1227 ft2
Boston,$3039.00,3, 1227 ft2
Boston,$3046.00,3, 1227 ft2
Boston,$3049.00,3, 1228 ft2
Boston,$3054.00,3, 1228 ft2
Boston,$3068.00,3, 1229 ft2
Boston,$3069.00,3, 1230 ft2
Boston,$3070.00,3, 1230 ft2
Boston,$3072.00,3, 1230 ft2
Boston,$3073.00,3, 1231 ft2
Boston,$3082.00,3, 1232 ft2
Boston,$3087.00,3, 1233 ft2
Boston,$3087.00,3, 1234 ft2
Boston,$3089.00,3, 1234 ft2
Boston,$3089.00,, 1234 ft2
Boston,$3091.00,3, 1234 ft2
Boston,$3091.00,3, 1234 ft2
Boston,$3097.00,3, 1234 ft2
Boston,$3102.00,3, 1235 ft2
Boston,$3106.00,3, 1236 ft2
Boston,$3117.00,3, 1236 ft2
Boston,$3125.00,3, 1236 ft2
Boston,$3126.00,3, 1237 ft2
Boston,$3135.00,3, 1238 ft2
Boston,$3136.00,3, 1240 ft2
Boston,$3142.00,3, 1243 ft2
Boston,$3142.00,3, 1243 ft2
Boston,$3144.00,3, 1243 ft2
Boston,$3145.00,3, 1245 ft2
Boston,$3146.00,3, 1245 ft2
Boston,$3146.00,3, 1245 ft2
Boston,$3146.00,3, 1246 ft2
Boston,$3152.00,3, 1247 ft2
Boston,$3152.00,3, 1247 ft2
Boston,$3153.00,3, 1247 ft2
Boston,$3160.00,3, 1248 ft2
Boston,$3161.00,3, 1249 ft2
Boston,$3162.00,3, 1250 ft2
Boston,$3165.00,3, 1250 ft2
Boston,$3168.00,3, 1250 ft2
Boston,$3179.00,3, 1250 ft2
Boston,$3180.00,3, 1251 ft2
Boston,$3196.00,3, 1251 ft2
Boston,$3197.00,3, 1252 ft2
Boston,$3202.00,3, 1253 ft2
Boston,$3202.00,3, 1253 ft2
Boston,$3205.00,3, 1253 ft2
Boston,$3232.00,3, 1254 ft2
Boston,$3236.00,3,
Boston,$3241.00,3, 1255 ft2
Boston,$3244.00,3, 1255 ft2
Boston,$3253.00,, 1256 ft2
Boston,$3274.00,3, 1256 ft2
Boston,$3276.00,3, 1256 ft2
Boston,$3282.00,3, 1257 ft2
Boston,$3292.00,3, 1257 ft2
Boston,$3297.00,3, 1257 ft2
Boston,$3305.00,3, 1259 ft2
Boston,$3310.00,3, 1260 ft2
Boston,$3311.00,3, 1263 ft2
Boston,$3315.00,3, 1263 ft2
Boston,$3316.00,3, 1263 ft2
Boston,$3325.00,3, 1264 ft2
Boston,$3332.00,3, 1264 ft2
Boston,$3334.00,3, 1264 ft2
Boston,$3342.00,3, 1265 ft2
Boston,$3345.00,3, 1265 ft2
Boston,$3345.00,3, 1266 ft2
Boston,$3348.00,3, 1266 ft2
Boston,$3349.00,3, 1267 ft2
Boston,$3354.00,3, 1268 ft2
Boston,$3360.00,3, 1268 ft2
Boston,$3361.00,3, 1268 ft2
Boston,$3361.00,3, 1269 ft2
Boston,$3365.00,3, 1269 ft2
Boston,$3368.00,3, 1269 ft2
Boston,$3371.00,3, 1270 ft2
Boston,$3374.00,3, 1272 ft2
Boston,$3375.00,3, 1273 ft2
Boston,$3376.00,3, 1274 ft2
Boston,$3377.00,3, 1274 ft2
Boston,$3388.00,3, 1274 ft2
Boston,$3396.00,3, 1274 ft2
Boston,$3405.00,3, 1275 ft2
Boston,$3406.00,3, 1275 ft2
Boston,$3407.00,3, 1275 ft2
Boston,$3412.00,3, 1276 ft2
Boston,$3415.00,3, 1276 ft2
Boston,$3420.00,3, 1276 ft2
Boston,$3423.00,3, 1276 ft2
Boston,$3423.00,3, 1276 ft2
Boston,$3439.00,3, 1276 ft2
Boston,$3444.00,3, 1277 ft2
Boston,$3461.00,3, 1279 ft2
Boston,$3464.00,3, 1279 ft2
Boston,$3476.00,3, 1279 ft2
Boston,$3481.00,3, 1279 ft2
Boston,$3499.00,3, 1280 ft2
Boston,$3509.00,3, 1281 ft2
Boston,$3514.00,3, 1283 ft2
Boston,$3515.00,3, 1284 ft2
Boston,$3519.00,3, 1284 ft2
Boston,$3523.00,3, 1284 ft2
Boston,$3526.00,3, 1284 ft2
Boston,$3537.00,3, 1285 ft2
Boston,$3539.00,3, 1285 ft2
Boston,$3543.00,3, 1286 ft2
Boston,$3545.00,3, 1286 ft2
Boston,$3549.00,3, 1287 ft2
Boston,$3556.00,3, 1287 ft2
Boston,$3556.00,3, 1287 ft2
Boston,$3580.00,3, 1288 ft2
Boston,$3582.00,3, 1288 ft2
Boston,$3583.00,3, 1288 ft2
Boston,$3586.00,3, 1289 ft2
Boston,$3587.00,3, 1289 ft2
Boston,$3589.00,3, 1290 ft2
Boston,$3596.00,3, 1290 ft2
Boston,$3597.00,3, 1291 ft2
Boston,$3598.00,3, 1291 ft2
Boston,$3617.00,3, 1291 ft2
Boston,$3624.00,3, 1291 ft2
Boston,$3625.00,3, 1292 ft2
Boston,$3627.00,3, 1292 ft2
Boston,$3630.00,3, 1292 ft2
Boston,$3635.00,3, 1293 ft2
Boston,$3638.00,3, 1293 ft2
Boston,$3640.00,3, 1294 ft2
Boston,$3644.00,3, 1294 ft2
Boston,$3659.00,3, 1294 ft2
Boston,$3673.00,3, 1295 ft2
Boston,$3681.00,3, 1295 ft2
Boston,$3691.00,3, 1296 ft2
Boston,$3702.00,3, 1296 ft2
Boston,$3707.00,3, 1297 ft2
Boston,$3707.00,3, 1297 ft2
Boston,$3710.00,3, 1299 ft2
Boston,$3710.00,3, 1299 ft2
Boston,$3713.00,3, 1299 ft2
Boston,$3713.00,3, 1300 ft2
Boston,$3714.00,3, 1301 ft2
Boston,$3718.00,3, 1303 ft2
Boston,$3733.00,3, 1304 ft2
Boston,$3734.00,3, 1305 ft2
Boston,$3735.00,3, 1305 ft2
Boston,$3743.00,3, 1306 ft2
Boston,$3761.00,3, 1306 ft2
Boston,$3763.00,3, 1307 ft2
Boston,$3787.00,3, 1307 ft2
Boston,$3788.00,3, 1308 ft2
Boston,$3791.00,3, 1309 ft2
Boston,$3799.00,3, 1309 ft2
Boston,$3804.00,3, 1310 ft2
Boston,$3809.00,3, 1310 ft2
Boston,$3812.00,3, 1310 ft2
Boston,$3813.00,3, 1311 ft2
Boston,$3814.00,3, 1313 ft2
Boston,$3817.00,3, 1313 ft2
Boston,$3819.00,3, 1314 ft2
Boston,$3820.00,3, 1314 ft2
Boston,$3831.00,3, 1314 ft2
Boston,$3840.00,3, 1315 ft2
Boston,$3845.00,3, 1317 ft2
Boston,$3855.00,3, 1318 ft2
Boston,$3857.00,3, 1318 ft2
Boston,$3863.00,3, 1319 ft2
Boston,$3869.00,3, 1319 ft2
Boston,$3883.00,3, 1319 ft2
Boston,$3892.00,3, 1320 ft2
Boston,$3895.00,3, 1320 ft2
Boston,$3900.00,3, 1322 ft2
Boston,$3902.00,3, 1322 ft2
Boston,$3902.00,3, 1323 ft2
Boston,$3904.00,3, 1323 ft2
Boston,$3912.00,3, 1325 ft2
Boston,$3915.00,3, 1326 ft2
Boston,$3921.00,3, 1327 ft2
Boston,$3922.00,3, 1328 ft2
Boston,$3938.00,3, 1328 ft2
Boston,$3960.00,3, 1330 ft2
Boston,$3961.00,3, 1332 ft2
Boston,$3964.00,3, 1332 ft2
Boston,$3980.00,3, 1332 ft2
Boston,$3981.00,3, 1333 ft2
Boston,$3986.00,3, 1333 ft2
Boston,$3990.00,3, 1335 ft2
Boston,$3995.00,3, 1336 ft2
Boston,$3995.00,3, 1337 ft2
Boston,$4004.00,3, 1338 ft2
Boston,$4021.00,3, 1339 ft2
Boston,$4025.00,3, 1340 ft2
Boston,$4034.00,3, 1340 ft2
Boston,$4037.00,3, 1341 ft2
Boston,$4037.00,3, 1341 ft2
Boston,$4041.00,3, 1341 ft2
Boston,$4042.00,3, 1342 ft2
Boston,$4046.00,3, 1343 ft2
Boston,$4058.00,3, 1343 ft2
Boston,$4067.00,3, 1344 ft2
Boston,$4070.00,3, 1345 ft2
Boston,$4076.00,3, 1345 ft2
Boston,$4078.00,3, 1347 ft2
Boston,$4080.00,3, 1347 ft2
Boston,$4081.00,3, 1348 ft2
Boston,$4087.00,3, 1348 ft2
Boston,$4095.00,3, 1351 ft2
Boston,$4097.00,3, 1352 ft2
Boston,$4101.00,3, 1353 ft2
Boston,$4104.00,3, 1354 ft2
Boston,$4111.00,3, 1354 ft2
Boston,$4112.00,3, 1355 ft2
Boston,$4116.00,3, 1355 ft2
Boston,$4125.00,3, 1355 ft2
Boston,$4141.00,3, 1356 ft2
Boston,$4145.00,3, 1357 ft2
Boston,$4151.00,3, 1357 ft2
Boston,$4157.00,3, 1357 ft2
Boston,$4170.00,3, 1358 ft2
Boston,$4174.00,3, 1358 ft2
Boston,$4177.00,3, 1359 ft2
Boston,$4178.00,3, 1359 ft2
Boston,$4183.00,3, 1359 ft2
Boston,$4190.00,3, 1359 ft2
Boston,$4200.00,3, 1360 ft2
Boston,$4219.00,3, 1360 ft2
Boston,$4231.00,3, 1360 ft2
Boston,$4235.00,3, 1360 ft2
Boston,$4241.00,3, 1360 ft2
Boston,$4242.00,3, 1361 ft2
Boston,$4244.00,3, 1361 ft2
Boston,$4245.00,3, 1362 ft2
Boston,$4249.00,4, 1362 ft2
Boston,$4252.00,4, 1364 ft2
Boston,$4256.00,4, 1365 ft2
Boston,$4269.00,4, 1365 ft2
Boston,$4293.00,4, 1365 ft2
Boston,$4296.00,4, 1366 ft2
Boston,$4304.00,4, 1367 ft2
Boston,$4305.00,4, 1368 ft2
Boston,$4308.00,4, 1370 ft2
Boston,$4321.00,4, 1370 ft2
Boston,$4322.00,4, 1372 ft2
Boston,$4334.00,4, 1372 ft2
Boston,$4341.00,4, 1372 ft2
Boston,$4346.00,4, 1373 ft2
Boston,$4348.00,4, 1373 ft2
Boston,$4360.00,4, 1374 ft2
Boston,$4369.00,4, 1375 ft2
Boston,$4384.00,4, 1376 ft2
Boston,$4387.00,4, 1376 ft2
Boston,$4390.00,4, 1377 ft2
Boston,$4392.00,4, 1379 ft2
Boston,$4394.00,4, 1379 ft2
Boston,$4415.00,4, 1382 ft2
Boston,$4417.00,4, 1383 ft2
Boston,$4417.00,4, 1384 ft2
Boston,$4419.00,4, 1384 ft2
Boston,$4433.00,4, 1384 ft2
Boston,$4449.00,4, 1387 ft2
Boston,$4454.00,4, 1387 ft2
Boston,$4462.00,4, 1388 ft2
Boston,$4463.00,4, 1389 ft2
Boston,$4485.00,4, 1389 ft2
Boston,$4493.00,4, 1393 ft2
Boston,$4498.00,4, 1393 ft2
Boston,$4500.00,4, 1394 ft2
Boston,$4504.00,4, 1394 ft2
Boston,$4505.00,4, 1394 ft2
Boston,$4510.00,4, 1395 ft2
Boston,$4511.00,4, 1396 ft2
Boston,$4514.00,4, 1396 ft2
Boston,$4515.00,4, 1397 ft2
Boston,$4529.00,4, 1398 ft2
Boston,$4549.00,4, 1398 ft2
Boston,$4560.00,4, 1398 ft2
Boston,$4565.00,4, 1398 ft2
Boston,$4573.00,4, 1403 ft2
Boston,$4574.00,4, 1403 ft2
Boston,$4580.00,4, 1404 ft2
Boston,$4584.00,4, 1405 ft2
Boston,$4595.00,4, 1405 ft2
Boston,$4601.00,4, 1406 ft2
Boston,$4616.00,4, 1408 ft2
Boston,$4619.00,4, 1408 ft2
Boston,$4625.00,4, 1409 ft2
Boston,$4625.00,4, 1417 ft2
Boston,$4626.00,4, 1417 ft2
Boston,$4638.00,4, 1417 ft2
Boston,$4644.00,4, 1418 ft2
Boston,$4647.00,4, 1419 ft2
Boston,$4650.00,4, 1419 ft2
Boston,$4665.00,4, 1422 ft2
Boston,$4670.00,4, 1422 ft2
Boston,$4689.00,4, 1422 ft2
Boston,$4706.00,4, 1422 ft2
Boston,$4709.00,4, 1423 ft2
Boston,$4715.00,4, 1423 ft2
Boston,$4719.00,4, 1423 ft2
Boston,$4734.00,4, 1424 ft2
Boston,$4739.00,4, 1424 ft2
Boston,$4749.00,4, 1425 ft2
Boston,$4751.00,4, 1427 ft2
Boston,$4761.00,4, 1430 ft2
Boston,$4762.00,4, 1430 ft2
Boston,$4777.00,4, 1430 ft2
Boston,$4785.00,4, 1431 ft2
Boston,$4793.00,4, 1431 ft2
Boston,$4795.00,4, 1432 ft2
Boston,$4800.00,, 1433 ft2
Boston,$4811.00,4, 1433 ft2
Boston,$4812.00,4, 1433 ft2
Boston,$4825.00,4, 1436 ft2
Boston,$4827.00,4, 1437 ft2
Boston,$4838.00,4,
Boston,$4849.00,4, 1438 ft2
Boston,$4873.00,4, 1438 ft2
Boston,$4934.00,4, 1438 ft2
Boston,$4935.00,,
Boston,$4937.00,4, 1439 ft2
Boston,$4948.00,4, 1439 ft2
Boston,$4950.00,4, 1441 ft2
Boston,$4969.00,4, 1444 ft2
Boston,$4990.00,4, 1444 ft2
Boston,$4997.00,4, 1448 ft2
Boston,$5003.00,4, 1448 ft2
Boston,$5021.00,4, 1449 ft2
Boston,$5047.00,4, 1450 ft2
Boston,$5054.00,4, 1450 ft2
Boston,$5056.00,4, 1452 ft2
Boston,$5080.00,4, 1452 ft2
Boston,$5098.00,4, 1453 ft2
Boston,$5107.00,4, 1457 ft2
Boston,$5114.00,4, 1457 ft2
Boston,$5116.00,4, 1458 ft2
Boston,$5120.00,4, 1458 ft2
Boston,$5121.00,, 1458 ft2
Boston,$5124.00,4,
Boston,$5128.00,, 1460 ft2
Boston,$5137.00,4, 1462 ft2
Boston,$5139.00,4, 1463 ft2
Boston,$5147.00,4, 1463 ft2
Boston,$5165.00,,
Boston,$5176.00,4, 1465 ft2
Boston,$5179.00,4, 1465 ft2
Boston,$5197.00,4,
Boston,$5197.00,4, 1466 ft2
Boston,$5206.00,,
Boston,$5214.00,4, 1467 ft2
Boston,$5225.00,, 1468 ft2
Boston,$5226.00,4, 1468 ft2
Boston,$5262.00,4, 1474 ft2
Boston,$5285.00,4, 1477 ft2
Boston,$5302.00,4, 1477 ft2
Boston,$5320.00,4, 1479 ft2
Boston,$5322.00,4, 1480 ft2
Boston,$5330.00,4, 1481 ft2
Boston,$5339.00,4, 1481 ft2
Boston,$5363.00,4, 1482 ft2
Boston,$5433.00,4, 1482 ft2
Boston,$5451.00,4, 1483 ft2
Boston,$5463.00,4, 1486 ft2
Boston,$5465.00,4, 1489 ft2
Boston,$5470.00,4, 1489 ft2
Boston,$5479.00,4, 1491 ft2
Boston,$5490.00,4, 1494 ft2
Boston,$5492.00,4, 1494 ft2
Boston,$5495.00,4, 1494 ft2
Boston,$5526.00,4, 1497 ft2
Boston,$5534.00,4, 1497 ft2
Boston,$5549.00,4, 1497 ft2
Boston,$5591.00,4, 1497 ft2
Boston,$5609.00,4, 1500 ft2
Boston,$5627.00,4, 1501 ft2
Boston,$5636.00,4, 1504 ft2
Boston,$5642.00,4, 1504 ft2
Boston,$5651.00,4, 1504 ft2
Boston,$5671.00,4, 1505 ft2
Boston,$5704.00,4, 1508 ft2
Boston,$5704.00,4, 1509 ft2
Boston,$5729.00,4, 1509 ft2
Boston,$5732.00,4, 1510 ft2
Boston,$5735.00,4, 1510 ft2
Boston,$5752.00,4, 1510 ft2
Boston,$5754.00,4, 1512 ft2
Boston,$5767.00,4, 1513 ft2
Boston,$5780.00,4, 1514 ft2
Boston,$5850.00,4, 1516 ft2
Boston,$5871.00,4, 1516 ft2
Boston,$5905.00,4, 1517 ft2
Boston,$5945.00,4, 1518 ft2
Boston,$5948.00,4, 1519 ft2
Boston,$5982.00,4, 1519 ft2
Boston,$5995.00,4, 1522 ft2
Boston,$5996.00,4, 1523 ft2
Boston,$6027.00,4, 1523 ft2
Boston,$6027.00,4, 1525 ft2
Boston,$6028.00,4, 1528 ft2
Boston,$6029.00,4, 1531 ft2
Boston,$6043.00,4, 1531 ft2
Boston,$6055.00,4, 1531 ft2
Boston,$6089.00,4, 1537 ft2
Boston,$6111.00,4, 1537 ft2
Boston,$6133.00,4, 1542 ft2
Boston,$6145.00,4, 1544 ft2
Boston,$6154.00,4, 1546 ft2
Boston,$6182.00,4, 1546 ft2
Boston,$6205.00,4, 1549 ft2
Boston,$6234.00,4, 1553 ft2
Boston,$6250.00,4, 1556 ft2
Boston,$6269.00,4, 1562 ft2
Boston,$6304.00,4, 1563 ft2
Boston,$6354.00,4, 1568 ft2
Boston,$6366.00,4, 1569 ft2
Boston,$6395.00,4, 1569 ft2
Boston,$6410.00,4, 1569 ft2
Boston,$6462.00,4, 1570 ft2
Boston,$6504.00,4, 1573 ft2
Boston,$6504.00,4, 1573 ft2
Boston,$6506.00,4, 1573 ft2
Boston,$6550.00,4, 1575 ft2
Boston,$6589.00,4, 1576 ft2
Boston,$6635.00,4, 1577 ft2
Boston,$6639.00,4, 1577 ft2
Boston,$6661.00,4, 1582 ft2
Boston,$6688.00,4, 1589 ft2
Boston,$6696.00,4, 1589 ft2
Boston,$6709.00,4, 1591 ft2
Boston,$6732.00,4, 1595 ft2
Boston,$6780.00,4, 1599 ft2
Boston,$6797.00,4, 1599 ft2
Boston,$6802.00,4, 1603 ft2
Boston,$6843.00,4, 1603 ft2
Boston,$6909.00,4, 1603 ft2
Boston,$6980.00,4, 1604 ft2
Boston,$7045.00,4, 1604 ft2
Boston,$7162.00,4, 1607 ft2
Boston,$7175.00,4, 1615 ft2
Boston,$7212.00,4, 1620 ft2
Boston,$7234.00,4, 1622 ft2
Boston,$7250.00,4, 1629 ft2
Boston,$7265.00,4, 1634 ft2
Boston,$7316.00,4, 1638 ft2
Boston,$7385.00,4, 1644 ft2
Boston,$7410.00,4, 1645 ft2
Boston,$7461.00,4, 1658 ft2
Boston,$7489.00,4, 1669 ft2
Boston,$7719.00,4, 1676 ft2
Boston,$7740.00,4, 1677 ft2
Boston,$7810.00,4, 1687 ft2
Boston,$7887.00,4, 1693 ft2
Boston,$7996.00,4, 1694 ft2
Boston,$8124.00,4, 1697 ft2
Boston,$8142.00,4, 1698 ft2
Boston,$8156.00,4, 1700 ft2
Boston,$8184.00,4, 1701 ft2
Boston,$8296.00,4, 1701 ft2
Boston,$8442.00,4, 1706 ft2
Boston,$8520.00,4, 1714 ft2
Boston,$8617.00,4, 1714 ft2
Boston,$8659.00,4, 1715 ft2
Boston,$8776.00,4, 1731 ft2
Boston,$8798.00,4, 1750 ft2
Boston,$8881.00,4, 1772 ft2
Boston,$8934.00,4, 1773 ft2
Boston,$9147.00,4, 1788 ft2
Boston,$9247.00,4, 1789 ft2
Boston,$9467.00,4, 1797 ft2
Boston,$9489.00,4, 1804 ft2
Boston,$9591.00,4, 1818 ft2
Boston,$10061.00,4, 1825 ft2
Boston,$10220.00,4, 1830 ft2
Boston,$10304.00,4, 1833 ft2
Boston,$11254.00,4, 1857 ft2
Boston,$11322.00,4, 1873 ft2
Boston,$11510.00,4, 1893 ft2
